{"cameraMode":{"drawMode":0,"name":"Shaded","section":"Shading Mode"},"sceneLighting":true,"audioPlay":false,"sceneViewState":{"m_AlwaysRefresh":false,"showFog":true,"showSkybox":true,"showFlares":true,"showImageEffects":true,"showParticleSystems":true,"showVisualEffectGraphs":true,"m_FxEnabled":true},"in2DMode":false,"pivot":{"x":24.403724670410158,"y":2.351335048675537,"z":9.312849044799805},"rotation":{"x":-0.028815070167183877,"y":0.9586723446846008,"z":0.15686041116714478,"w":0.24580393731594087},"size":8.034472465515137,"orthographic":false}